Name,Mass (g) (not sexed),Source,Sex,Suborder,Handicap,Family,Genus,Species,Shi_match,r_humerus,Landmarked,l_humerus,Landmarked,r_radius,Landmarked,l_radius,Landmarked,r_tibia,Landmarked,l_tibia,Landmarked,r_femur,Landmarked,l_femur,Landmarked,Handwing,skull,Sternum,Landmarked,Verified,Pelvis,Landmarked,Verified,Sex,Lifestage,Notes,Author,kV,uA,um
Vampyressa_pusilla_AMNH_238219,9,"Walker’s mammals of the world, VI",,,,Phyllostomidae,Vampyressa,pusilla,Vampyressa_pusilla,1,,1,,1,,1,,1,,,,broken,,broken,,,,,,,,,,,,,Andrew ,70,90,28.82444
Tylonycteris_pachypus_AMNH_236209,4.65,"Walker’s mammals of the world, VI",,,,Vespertilionidae,Tylonycteris,pachypus,Tylonycteris_pachypus,,,1,Yes,,,1,Yes,1,Yes,,,,,1,Yes,Yes,,1,Yes,to do,open; landmarked; right,,,F,adult,Left tibia has missing slices,Andrew ,100,130,27.21108
Uroderma_bilobatum_AMNH_279429,17,"Walker’s mammals of the world, VI",,,,Phyllostomidae,Uroderma,bilobatum,Uroderma_bilobatum,,,,,,,,,,,,,,,,,,,,,,,,,,,partial scan volumes,Andrew ,,,
Trinycteris_nicefori_AMNH_256822,8.2,https://eol.org/pages/327389/data,,,,Phyllostomidae,Micronycteris,nicefori,Micronycteris_nicefori,1,Yes,,,1,Yes,,,1,Yes,,,1,pathology,1,Yes,Yes,,,,,,,,M,adult,Left humerus has missing slices; pathological proturberence inferred on right proximal femur,Andrew ,80,120,28.97624
Thyroptera_tricolor_AMNH_246236,4.2,"Walker’s mammals of the world, VI",,,,Thyropteridae,Thyroptera,tricolor,,1,,,,1,,,,,,,,broken,,broken,,,,,,,,,,,,"Both femora broken, therefore segmentation is desisted",Andrew ,,,
Tadarida_brasiliensis_AMNH232245_REDO,12.5,"Walker’s mammals of the world, VI",,,,Molossidae,Tadarida,brasiliensis,,1,,,,1,,,,,,,,,,,,,,,,,,,,,,Right hand wing acceptable. There is a plane of missing pixels. There legs rotated during scanning.,Andrew ,,,
Tadarida brasiliensis AMNH 232245,12.5,"Walker’s mammals of the world, VI",,,,Molossidae,Tadarida,brasiliensis,,,,,,,,,,,,,,,,,,,,,,,,,,,,Missing pixels + rotations,Andrew ,,,
Sturnira_lilium_AMNH_246333,19,"Walker’s mammals of the world, VI",,,,Phyllostomidae,Sturnira,lilium,Sturnira_lilium,,,,,,,,,,,,,,,,,,,,,,,,,,,Only handwing,Andrew ,,,
Stenoderma_rufum_AMNH_208983,25,"Walker’s mammals of the world, VI",,,,Phyllostomidae,Stenoderma,rufum,Stenoderma_rufum,,,1,Yes,broken,,1,Yes,,,1,Yes,,,1,Yes,Yes,,,,,open,,,M,adult,,Andrew ,70,90,28.82444
Sphaeronycteris_toxophyllum_AMNH209739,14.8,"Walker’s mammals of the world, VI",,,,Phyllostomidae,Sphaeronycteris,toxophyllum,Sphaeronycteris_toxophyllum,,,1,Yes,,,1,Yes,,,1,Yes,broken,,1,Yes,Yes,,1,Yes,Yes; No associated avizo project,"open; landmarked, right",,,M,adult,Clear stitching artifact crosses both wings; reserve for later decision; I have decided this is a change in brightness and does not compromise shape,Andrew ,140,130,27.86621
Anoura_geoffroyi_AMNH_268082,15.2,"Walker’s mammals of the world, VI",,,,Phyllostomidae,Anoura,geoffroyi,Anoura_geoffroyi,1,,1,Yes,1,,1,Yes,1,,1,Yes,1,,1,Yes,Yes,,,,,problem; won’t load,,,M,adult,"Missing slices, which do not cut humeri",Tram,?,?,27.8662
Antrozous_pallidus_AMNH_274878,22.5,"Walker’s mammals of the world, VI",,,,Vespertilionidae,Antrozous,pallidus,Antrozous_pallidus,missing,,1,Yes,,,1,Yes,,,1,Yes,,,1,Yes,Yes,,,,,,,,M,adult,Missing bones,Tram,?,?,?
Ardops_nichollsi_AMNH_238151,17,"Walker’s mammals of the world, VI",,,,Phyllostomidae,Ardops,nichollsi,Ardops_nichollsi,1,,1,,,,1,,,,,,,,,,,,,,,,,,M,,Missing slices in humeri. Segmented anyway,Tram,,,
Saccopteryx_bilineata_AMNH_279444,7,"Walker’s mammals of the world, VI",,,very asymmetric sternum,Emballonuridae,Saccopteryx,bilineata,Saccopteryx_bilineata,1,,1,Yes,1,,1,Yes,1,,1,Yes,1,,1,Yes,Yes,,1,Yes,,ambiguous,,,?,adult,sternum asymmetric ,Andrew ,150,170,29.50062
Rousettus_aegyptiacus_AMNH_237404,166.5,"Walker’s mammals of the world, VI",,,,Pteropodidae,Rousettus,aegyptiacus,Rousettus_aegyptiacus,1,Yes,,,1,Yes,,,1,Yes,,,1,Yes,,,Yes,1,1,Yes,Yes,fused; landmarked; right,,,M,adult,Missing slices across both wings. There is a slight shortening and displacement. Only segment right wing. Fused pevlis,Andrew ,150,170,40.11431
Rhinolophus_ferrumequinum_AMNH_245592,22.25,"Walker’s mammals of the world, VI",,,,Rhinolophidae,Rhinolophus,ferrumequinum,Rhinolophus_ferrumequinum,1,,broken,,broken,,1,,,,,,,,,,,,,,,fused; in progress; right,,,,,Possible juvenile. Unfused epiphyses. Very difficult to threshold; ossification may not be complete. ,Andrew ,,,
Rhynchonycteris_naso_AMNH_279521,3.2,"Walker’s mammals of the world, VI",,,,Emballonuridae,Rhynchonycteris,naso,Rhynchonycteris_naso,1,,1,Yes,1,,1,Yes,1,,1,Yes,1,,1,Yes,Yes,,1,Yes,to do,,,,?,adult,,Andrew ,140,170,29.50062
Rhogeessa_aeneus_AMNH_278643,6.5,"Walker’s mammals of the world, VI",,,,Vespertilionidae,Rhogeessa,aeneus,Rhogeessa_aeneus,1,Yes,,,1,Yes,,,1,Yes,broken,,broken,,1,Yes,Yes,,,,,,,,?,adult,Ulna does not appear fused with radius. Very poorly ossified,Andrew ,150,170,29.50062
Rhinopoma_hardwickii_AMNH_217296,10,"Walker’s mammals of the world, VI",,,,Rhinopomatidae,Rhinopoma,hardwickii,Rhinopoma_hardwickii,,,,,,,,,,,,,,,,,,,,,,,,,M,,Empty folder,Andrew ,,,
Rhinolophus_hipposideros_AMNH_233075,7,"Walker’s mammals of the world, VI",,,,Rhinolophidae,Rhinolophus,hipposideros,Rhinolophus_hipposideros,,,1,Yes,,,1,Yes,,,1,Yes,,,1,Yes,Yes,,1,Yes,,fused; landmarked; right,,,M,adult,Broken nose. Stitching artifact crosses both wings along their diaphyseal regions. Additional artifacts closer to articulations. Significant displacement on right wing. Fused pelvis,Andrew ,140,170,27.31716
Pteropus_neohibernicus_AMNH194433,992.185,https://eol.org/pages/327281/data,,,,Pteropodidae,Pteropus,neohibernicus,Pteropus_neohibernicus,1,,,,in progress,,,,,,broken,,,,broken,,,,,,,,,,M,subadult,Some slices have double images. I am investigating further. Possible juvenile; epiphyses appear weakly fused. Very difficult to segment well,Andrew ,,,
Pteronotus_mesoamericanus_AMNH_279552,20,"Walker’s mammals of the world, VI, assumed to be P.parnelli",,,,Mormoopidae,Pteronotus,parnellii,Pteronotus_parnellii,,,1,complete but femur broken,,,1,complete but femur broken,,,1,omit,broken,,broken,omit,complete but femur broken,,,,,,,,?,,,Andrew ,,,
Pteronotus_davyi_AMNH_279425,9.25,"Walker’s mammals of the world, VI",,,,Mormoopidae,Pteronotus,davyi,Pteronotus_davyi,1,,1,Yes,1,,1,Yes,,,1,Yes,truncated,,1,Yes,Yes,,1,Yes,to do,,,,?,adult,Missing pixels along diaphysis of left radius and tibia. Scan truncates part of distal epiphysis of right femur. Fused pevlis,Andrew ,130,170,29.86401
Artibeus_fraterculus_AMNH_68454,25.54,https://eol.org/pages/327356/data,,,,Phyllostomidae,Artibeus,fraterculus,Artibeus_fraterculus,1,,1,Yes,1,,1,Yes,,,1,Yes,1,,1,Yes,Yes,,,,,ambiguous; landmarked; right,,,M?,adult,,Tram,?,?,?
Platyrhinus_helleri_AMNH_277688,14,"Walker’s mammals of the world, VI",,,,Phyllostomidae,Platyrrhinus,helleri,Platyrrhinus_helleri,1,,1,Yes,1,,1,Yes,,,1,Yes,,,1,Yes,Yes,,,,,,,,M,adult,Missing pixels cross thedistal  epiphysis of the right tibia; segmentation of right leg stopped,Andrew ,140,130,29.31606
Platyrhinus_aurarius_AMNH_265341,34,"Walker’s mammals of the world, VI",,,,Phyllostomidae,Platyrrhinus,aurarius,Platyrrhinus_aurarius,1,,1,Yes,1,,1,Yes,1,,1,Yes,1,,1,Yes,Yes,,,,,,,,M,adult,Missing pixels just before humeral epiphyses; I do not think they significantly affect the scan. Large sternal keel,Andrew ,140,130,29.31606
Phyllostomus_hastatus_AMNH_267434,96,"Walker’s mammals of the world, VI",,,,Phyllostomidae,Phyllostomus,hastatus,Phyllostomus_hastatus,,,,,,,,,,,,,,,,,,,,,,,,,,,Hindlimb section only; do not segment,Andrew ,,,
Nycteris_macrotis_AMNH_276099,26.5,"Walker’s mammals of the world, VI",,,,Nycteridae,Nycteris,macrotis,Nycteris_macrotis,,,,,,,,,,,,,,,,,,,,,,,,,,,Double-image artifact evident in scan; evidence that specimen moved during process. Investigating further. Relatively large stitch artifact across humeral epiphyses.,Andrew ,,,
Noctilio_leporinus_AMNH_186968,70,"Walker’s mammals of the world, VI",,,,Noctilionidae,Noctilio,leporinus,Noctilio_leporinus,chipped,,1,Yes,,,1,Yes,,,1,Yes,,,1,Yes,Yes,,,,,fused; landmarked; right,,,M,adult,Large file size; converted to 8bit; very strange pelvis in this male bat; looks like two pubis bones fuse to form a loop,Andrew,150,133,33.26048
Neoromicia_nanus_AMNH_276137,3.9,https://eol.org/pages/289881/data,,,,Vespertilionidae,Neoromicia,nanus,Neoromicia_nanus,,,,,,,,,,,,,,,,,,,,,,,,,,,Stitching artifact across both femora,Andrew ,,,
Natalus_tumidirostris_AMNH_275516,7,"Walker’s mammals of the world, VI",,,,Natalidae,Natalus,tumidirostris,Natalus_tumidirostris,,,,,,,,,,,,,,,,,,,,,,,,,,,Bones rotates during scan,Andrew ,,,
Mystacina_tuberculata_AMNH265139,13.5,"Walker’s mammals of the world, VI",,,,Mystacinidae,Mystacina,tuberculata,,,,,,,,,,,,,,,,,,,,,,,,,,,,Bones rotates during scan,Andrew ,,,
Myotis_vivesi_AMNH_180834,25,https://eol.org/pages/327628/data,,,,Vespertilionidae,Myotis,vivesi,Myotis_atacamensis,,,1,Yes,broken,,1,Yes,,,1,Yes,,,1,Yes,Yes,,1,Yes,Yes; No associated avizo project,open; landmarked; right,,,F,adult,"Plane of missing pixels crosses radius, but not articular surface. Myotis atacamensis is a poor match",Andrew ,160,150,31.90485
Artibeus_intermedius_AMNH_68454,55.5,"Walker’s mammals of the world, VI",,,,Phyllostomidae,Artibeus,intermedius,Artibeus_intermedius,1,,1,Yes,1,,1,Yes,1,,1,Yes,1,,1,Yes,Yes,,,,,,,,?,adult,pelvis looks female,Tram,?,?,?
Molossus_rufus_AMNH_274122,20,"Walker’s mammals of the world, VI",,,,Molossidae,Molossus,rufus,Molossus_rufus,,,,,,,,,,,,,,,,,,,,,,,,,,,"Double images, but I think this may reflect movement of packing material only; pursuing further. Converting to 8-bit. Plane of missing pixels crosses wings across diaphysis.",Andrew,,,
Myotis_myotis_AMNH_244243,31.5,"Walker’s mammals of the world, VI",,,,Vespertilionidae,Myotis,myotis,Myotis_myotis,1,,1,Yes,1,,1,Yes,1,,1,Yes,1,,1,Yes,Yes,,,,,,,,?,adult,"Converted to 8-bit Plane of missing pixels crosses wings, but not across articular surfaces. ",Andrew,170,150,27.05654
Miniopterus_screibersii_AMNH_244270,2.5,"Walker’s mammals of the world, VI",,,note this was originally classed as a vesp,Vespertilionidae,Miniopterus,schreibersii,Miniopterus_schreibersii,,,1,Yes,,,1,Yes,,,1,Yes,,,1,Yes,Yes,,,,,,,,?,subadult,Juvenile; difficult to segment. 1 side only. ,Andrew,140,160,27.05654
Mimon_crenulatum_AMNH_267886,12,"Walker’s mammals of the world, VI",,,asymmetric sternum,Phyllostomidae,Mimon,crenulatum,Mimon_crenulatum,1,,1,Yes,1,,1,Yes,1,,1,Yes,1,,1,Yes,Yes,,1,Yes,,ambiguous; landmarked; right,,,M,adult,"ears look strange, pelvis looks strange for male; sternum has unilateral oddity that does not intersect landmarks",Andrew,140,140,28.91314
Micronycteris_schmidtorum_AMNH_256821,7.5,https://eol.org/pages/327391/data,,,,Phyllostomidae,Micronycteris,schmidtorum,Micronycteris_schmidtorum,1,,1,Yes,1,,1,Yes,1,,1,Yes,1,,1,Yes,Yes,,1,Yes,Yes; I moved the rib articulations,open; landmarked; right,,,F,adult,Missing pixels cross humeral head but do not substantially affect shape,Andrew,140,170,26.65524
Mesophylla_maconelli_AMNH_215025,7,"Walker’s mammals of the world, VI",,,,Phyllostomidae,Mesophylla,macconnelli,Mesophylla_macconnelli,rotated,,1,Yes,,,1,Yes,,,1,Yes,,,1,Yes,Yes,,1,Yes,Yes,,,,M,adult,Some bones have moved during scanning. ,Andrew,120,180,25.2564
Megaderma_spasma_AMNH_216807,25.5,"Walker’s mammals of the world, VI",,,,Megadermatidae,Megaderma,spasma,Megaderma_spasma,,,,,,,,,,,,,,,,,,,,,,,,,,,Prohibitively high motion during scanning; do not recommend segmentation,Andrew,,,
Macrotus_waterhousii_AMNH_238145,16,"Walker’s mammals of the world, VI",,,,Phyllostomidae,Macrotus,waterhousii,Macrotus_waterhousii,,,1,Yes,,,1,Yes,1,Yes,,,1,Yes,rotated,,Yes,,1,Yes,Yes,,,,M,adult,Motion evident in scan but I will attempt segmentation. Results not of good quality.,Andrew,130,130,30.1301
Macrophyllum_macrophyllum_AMNH_235705,7.5,"Walker’s mammals of the world, VI",,,Left thumb; final phalanx before ungual is missing and ungual is vestigial,Phyllostomidae,Macrophyllum,macrophyllum,Macrophyllum_macrophyllum,1,,1,Yes,1,,1,Yes,1,,1,Yes,1,,1,Yes,Yes,,1,Yes,Yes; replaced Sternum_Manubrium_Left_Lateral_Ridge,,,,M,adult,hyoid confluent with tympanum bone,Andrew,130,140,29.2004
Macroderma_gigas_AMNH_236543,150,"Walker’s mammals of the world, VI",,,,Megadermatidae,Macroderma,gigas,Macroderma_gigas,,,,,,,,,,,,,,,,,,,,,,,,,,,Bones moved during scanning. Also lots of high-density objects. Not useable. ,Andrew,,,
Lophostoma_evotis_AMNH_278626,20.6,https://eol.org/pages/327403/data,,,,Phyllostomidae,Lophostoma,evotis,Lophostoma_evotis,1,Yes,,,1,Yes,,,1,Yes,,,1,Yes,,,Yes,,1,Yes,Yes,ambiguous; landmarked; right,,,M?,adult,Only right hand appendicular skeleton present. Femur and tibia have missing pixels,Andrew,150,170,30.22299
Lampronycteris_brachyotis_AMNH_274579,10.2,https://eol.org/pages/327384/data,,,,Phyllostomidae,Lampronycteris,brachyotis,Micronycteris_brachyotis,,,1,Yes,,,1,Yes,,,1,Yes,,,1,Yes,Yes,,1,Yes,Yes,,,,M,adult,Displacement duplicates pixels right elbow joint ; careful removal undertaken ; articulation of femur with tibia is messy,Andrew,120,180,27.35677
Kerivoula_hardwickii_AMNH_247565,4.5,https://eol.org/pages/1001185/data,,,,Vespertilionidae,Kerivoula,hardwickii,Kerivoula_hardwickii,broken,,1,Yes,,,1,Yes,1,Yes,,,1,Yes,broken,,Yes,,broken,,,,,,M,adult,,Andrew,150,133,29.56414
Hipposideros_pratti_AMNH_56957,84.4,https://eol.org/pages/328263/data,,,possible injury or deformity on fifth and fourth digit first metacarpal,Hipposideridae,Hipposideros,pratti,Hipposideros_pratti,1,,1,Yes,1,,1,Yes,1,,1,Yes,1,,1,Yes,Yes,,1,Yes,Yes,open; landmarked; right,,,M?,adult,Scan threshold is very difficult to work with; very opaque and no gaps. Elbow caps. Very broad sternum with extensive muscle attachment sites. Pelvic iliopubic eminence loops round to join cranial lateral ridge of ilium. Landmarked placed on medially facing prominence of closure. ,Andrew,140,180,38.53539
Hesperoptenus_gaskelli_AMNH_226393,9.4,https://eol.org/pages/1001182/data,,,,Vespertilionidae,Hesperoptenus,gaskelli,Hesperoptenus_blanfordi,1,,1,Yes,1,,1,Yes,1,,1,Yes,1,,1,Yes,Yes,,1,Yes,Yes,,,,M,adult,,Andrew,100,130,27.21108
Glossophaga_soricina_AMNH_278707,10.5,"Walker’s mammals of the world, VI",,,,Phyllostomidae,Glossophaga,soricina,,,,,,,,,,,,,,,,,,,,,,,,,,,,A plane of stitching crosses both humeral proximal articulations. Investigating. It is a duplication; I can remove it. It will slightly lengthen the radius bones though. I found another plane of stitching at the distal end of the humerus. At this point I believe it is best to re-scan this specimen.,Andrew,,,
Glischropus_tylopus_AMNH_247438,4,"Walker’s mammals of the world, VI",,,,Vespertilionidae,Glischropus,tylopus,Glischropus_tylopus,1,,1,Yes,1,,1,Yes,1,,1,Yes,1,,1,Yes,Yes,,1,Yes,Yes,open; landmarked; right,,,F,adult,Stitching artifacts cross diaphyses of radius bones,Andrew,80,120,28.17305
Furipterus_horrens_AMNH_48309,3,"Walker’s mammals of the world, VI",,,,Furipteridae,Furipterus,horrens,Furipterus_horrens,,,,,,,,,,,,,,,,,,,,,,,,,,,Motion artifact,Andrew,,,
Eptesicus_serotinus_AMNH_233146,13,"Walker’s mammals of the world, VI",,,,Vespertilionidae,Eptesicus,serotinus,Eptesicus_serotinus,,,,,,,,,,,,,,,,,,,,,,,,,,,Strange metal blobs on wings,Andrew,,,
Eptesicus_fuscus_AMNH_267809,22,"Walker’s mammals of the world, VI",,,,Vespertilionidae,Eptesicus,fuscus,Eptesicus_fuscus,1,Yes,1,,1,Yes,do not use,,1,Yes,,,1,Yes,,,Yes,,broken,,,,,,M,subadult,Stitching artifact crosses diaphysis of right femur. Stitching displacement evident on diaphysis of left radius. Discontinued; artifact too large.,Andrew,160,160,27.05654
Enchisthenes_hartii_AMNH_268087,17.3,"Walker’s mammals of the world, VI",,,,Phyllostomidae,Enchisthenes,hartii,Artibeus_hartii,1,Yes,,,1,Yes,,,1,Yes,,,1,Yes,,,Yes,,1,Yes,Yes,,,,M,adult,No skull. Left tibia crossed by stitching artifact; not useable. Large lateral sesamoid on knee,Andrew,150,140,27.86621
Desmodus_rotundus_AMNH_278308,32.5,"Walker’s mammals of the world, VI",,,"(bifid third digit, wing)",Phyllostomidae,Desmodus,rotundus,Desmodus_rotundus,1,,1,Yes,1,,1,Yes,1,,1,Yes,1,,1,Yes,Yes,,1,Yes,Yes; 2 landmarks moved,,,,M,adult,"elbow caps, this bat has a bifid third digit",Andrew,160,150,31.90485
Cynopterus_brachyotis_AMNH_233949,62.5,"Walker’s mammals of the world, VI",,,,Pteropodidae,Cynopterus,brachyotis,Cynopterus_brachyotis,,,1,Yes,,,1,Yes,broken,,1,Yes,,,1,Yes,Yes,,1,Yes,Yes; I replaced the left xiphoid curve,to do,,,M,adult,elbow caps; right femur crossed by stitching artifact. Right tibia broken. ,Andrew,130,170,31.84329
Chrotopterus_auritus_AMNH_278292,81.6,"Walker’s mammals of the world, VI",,,,Phyllostomidae,Chrotopterus,auritus,Chrotopterus_auritus,,,,,,,,,,,,,,,,,,,,,,,,,,,Scan appears to be cropped; volume rendering omits key parts of skeleton,Andrew,,,
Chiroderma_trinitatum_AMNH_209519,14,"Walker’s mammals of the world, VI",,,possible warping of second phalanx fifth digit,Phyllostomidae,Chiroderma,trinitatum,Chiroderma_trinitatum,1,Yes,,,1,Yes,,,1,Yes,,,1,Yes,,,Yes,,,,,,,,M,adult,Right side only suitable for scanning; left femur crossed by stitching artifact. Very large head- unusual,Andrew,140,140,29.31606
Centurio_senex_AMNH_179990,22.5,"Walker’s mammals of the world, VI",,,,Phyllostomidae,Centurio,senex,Centurio_senex,broken,,1,Yes,,,1,Yes,1,Yes,broken,,1,Yes,,,Yes,,1,Yes,Yes; No associated avizo project,,,,M,adult,"Stitching artifact left radius, assessed as minimal ",Andrew,140,140,29.31606
Centronycteris_maximiliani_AMNH_267397,23,https://eol.org/pages/327843/data,,,,Emballonuridae,Centronycteris,maximiliani,Centronycteris_maximiliani,14455,,,,,,broken,,,,,,,,,,,,,,,,,,,,Too much motion distortion at joints. I am unable to tell one bone from another.,Andrew,,,
Carollia_sowelli_AMNH_278922,15,Guess,,,,Phyllostomidae,Carollia,sowelli,Carollia_sowelli,1,,1,Yes,1,,1,Yes,1,,1,Yes,1,,1,Yes,Yes,,1,Yes,Yes; No associated avizo project,,,,?,adult,,Andrew,140,140,28.91314
Carollia_perspicillata_AMNH_278752,15,"Walker’s mammals of the world, VI",,,,Phyllostomidae,Carollia,perspicillata,,,,,,,,,,,,,,,,,,,,,,,,,,,,Threshold too high to segment,Andrew,,,
Carollia_perspicillata_AMNH_278640,15,"Walker’s mammals of the world, VI",,,,Phyllostomidae,Carollia,perspicillata,,,,,,,,,,,,,,,,,,,,,,,,,,,,Threshold too high to segment,Andrew,,,
Carollia_perspicillata_AMNH_277693,15,"Walker’s mammals of the world, VI",,,,Phyllostomidae,Carollia,perspicillata,Carollia_perspicillata,1,,1,Yes,1,,1,Yes,1,Yes,1,,1,,1,Yes,Yes,,1,Yes,Yes; No associated avizo project,,,,M,adult,Contrast manually adjusted in Image J,Andrew,130,180,28.22101
Artibeus_phaeotis_AMNH_278943,11.6,https://eol.org/pages/327361/data,,,,Phyllostomidae,Artibeus,phaeotis,Artibeus_phaeotis,,,,,,,,,,,,,,,,,,,,,,,,,,,"I tried to adjust this threshold, but even after that this scan is not readily workable. ",Andrew,,,
Artibeus_phaeotis_AMNH_278391,11.6,https://eol.org/pages/327361/data,,,,Phyllostomidae,Artibeus,phaeotis,Artibeus_phaeotis,,,,,,,,,,,,,,,,,,,,,,,,,,,Unworkable threshold. ,Andrew,,,
Artibeus_jamaicensis_AMNH_279493,42.2,https://eol.org/pages/327863/data,,,,Phyllostomidae,Artibeus,jamaicensis,Artibeus_jamaicensis,1,,1,Yes,1,,1,Yes,1,,1,Yes,1,,1,Yes,Yes,,broken,,,,,,?,adult,I have to use the maximum threshold. Minor stitching artifacts,Andrew,140,140,27.42521
Natalus_stramineus_AMNH_274125,7,"Walker’s mammals of the world, VI",,,,Natalidae,Natalus,stramineus,,,,,,,,,,,,,,,,,,,,,,,,,,,,Missing pixels render both femur bones unuseable. ,Andrew,,,
Myzopoda_schliemanni_AMNH_277725,,,,,,Myzopodidae,Myzopoda,schliemanni,Myzopoda_schliemanni,,,,,,,,,,,,,,,,,,,,,,,,,,,No humerus bones. Significant stitching artifact crosses both radius bones. Bones rotated during scan. ,Andrew,,,
Erophylla_bombifrons_AMNH_275483,16.3,https://eol.org/pages/11019834/data,,,"(bent final phalanx, second digit, right hand; healed break?) Major assymetry between first metacarpal of third digit; right side is distorted",Phyllostomidae,Erophylla,bombifrons,Erophylla_bombifrons,1,Yes,,,1,Yes,,,1,Yes,,,1,Yes,,,Yes,,1,Yes,Yes; I moved some landmarks by a small amount,,,,M,adult,Stitching artifact crosses both radius bones and the left humerus. I have not assessed it as critically limiting. Some double-imaging of right radius. I have attempted to compensate. Stitching artifacts and rotations on left hand side too large to compensate for. ,Andrew,130,130,30.1301
Hesperoptenus_blanfordi_AMNH_234188,,,,,,Vespertilionidae,Hesperoptenus,blanfordi,Hesperoptenus_blanfordi,,,,,broken,,,,,,,,,,,,,,,,,,,,,,Elbow caps. Distinctive sesamoids on knees. Stitching artifact crosses the left radius.,Andrew,,,
Leptonycteris_yerbabuenae_AMNH_249086,24,"Walker’s mammals of the world, VI",,,,Phyllostomidae,Leptonycteris,yerbabuenae,,,,,,,,,,,,,,,,,,,,,,,,,,,,Stitching artifact crosses both wings. Displacement is probably considerable enough to preclude segmentation. ,Andrew,,,
Mimon_cozumelae_AMNH_279490,39.5,https://eol.org/pages/4438808/data,,,,Phyllostomidae,Mimon,cozumelae,Mimon_cozumelae,1,,1,Yes,1,,1,Yes,1,,1,Yes,1,,1,Yes,Yes,,1,Yes,Yes; I replaced the left and right Xiphoid curves,,,,?,adult,,Andrew,140,140,29.46034
Mormoops_blainvillii_CUMV_20843,15,"Walker’s mammals of the world, VI",,,,Mormoopidae,Mormoops,blainvillii,Mormoops_blainvillii,,,1,Yes,,,1,Yes,,,1,Yes,,,1,Yes,Yes,,,,,,,,?,adult,,Andrew,85,200,20.038
Mystacina_tuberculata_MVZ_173919,13.5,"Walker’s mammals of the world, VI",,,,Mystacinidae,Mystacina,tuberculata,Mystacina_tuberculata,1,,1,Yes,1,,1,Yes,1,,1,Yes,1,,1,Yes,Yes,,broken,,,broken,,,F,adult,The chirality of this scan is reversed (I have not corrected it). This bat burrows,Andrew,?,?,35.9111194611791
Cynopterus_sphinx_CUMV_20439,62.5,"Walker’s mammals of the world, VI",,,,Pteropodidae,Cynopterus,sphinx,Cynopterus_sphinx,,,1,Yes,,,1,Yes,,,1,Yes,,,1,Yes,Yes,,1,Yes,Yes; I fixed a saving error and the sternal landmarks were not ‘pack and go’d,open; landmarked; right,,,F,adult,Pregnant,Andrew,100,200,40.076
Craseonycteris_thonglongyai_USNM_528306,2,"Walker’s mammals of the world, VI",,,,Craseonycteridae,Craseonycteris,thonglongyai,Craseonycteris_thonglongyai,,,1,Yes,,,1,Yes,,,1,Yes,,,1,Yes,Yes,,1,Yes,Yes,,,,M,subadult,Some small stitching artifacts evident. Very strange sternum appears to wrap all the way round to spine ,Andrew,?,?,0.02
Glossophaga_soricina_CUMV_19730,10.5,,,,,Phyllostomidae,Glossophaga,soricina,Glossophaga_soricina,1,,1,Yes,1,,1,Yes,1,,1,Yes,1,,1,Yes,Yes,,1,Yes,Yes: I changed the rib articulations; No associated avizo project,,,,?,adult,sternum landmarks inside a .hx file called untitled in andrew_backup on the NAS,Tram,100,200,40.076
Chironax_melanocephalus_CUMV_22540,,,,,,Pteropodidae,Chironax,melanocephalus,Chironax_melanocephalus,,,1,,,,1,,,,,,,,,,,,,,,,,,,subadult,Unfused epiphyses on the proximal tibia; this might be a sub-adult or juvenile; segmentation prohibitively difficult ,Andrew,,,
Pipistrellus_subflavus_CUMV_15566,5.8,"Walker’s mammals of the world, VI",,,,Vespertilionidae,Pipistrellus,subflavus,Pipistrellus_subflavus,,,1,Yes,,,1,Yes,,,1,Yes,,,1,Yes,Yes,,broken,,,to do ,,,F,adult,Voxel size1000 times too large (landmarks corrected),Andrew,100,200,40.076
Emballonura_monticola_CUMV_22543,6,"Walker’s mammals of the world, VI",,,,Emballonuridae,Emballonura,monticola,Emballonura_monticola,,,1,Yes,,,1,Yes,,,1,Yes,,,1,Yes,Yes,,1,Yes,Yes; moved maniubrium rib landmarks,open; poor quality may need fixing no screenshots,,,M?,adult,"Some minor rotation has made segmentation difficult; the surface texture is quite rough, sternum landmarks located in a .hx files called untitlted in andrew_backup on the NAS",Andrew,100,200,40.076
Leptonycteris curasoae_CUMV_20856,24,"Walker’s mammals of the world, VI",,,,Phyllostomidae,Leptonycteris,curasoae,Leptonycteris_curasoae,1,Yes,,,1,Yes,,,,,1,Yes,,,1,Yes,Yes,,1,Yes,Yes,open; landmarked; right,to do,,?,adult,,Andrew,100,200,40.076
Megaderma lyra CUMV_20794,50,"Walker’s mammals of the world, VI",,,,Megadermatidae,Megaderma,lyra,Megaderma_lyra,,,1,Yes,,,1,Yes,,,1,Yes,,,1,Yes,Yes,,,,,open; landmarked; right,,,F,adult,right foot two broken toes one of which has healed,Andrew,100,200,40.076
Thyroptera tricolor CUMV 20892,4.2,"Walker’s mammals of the world, VI",,,,Thyropteridae,Thyroptera,tricolor,Thyroptera_tricolor,,,1,Yes,,,1,Yes,,,1,Yes,,,1,Yes,Yes,,1,Yes,,open; landmarked; left,,,?,adult,Thyroptera is a significant outlier in Handwing PCA it is located on the NAS in bat group 5,Andrew,100,200,40.076
Lasiurus borealis CUMV 22512,10.7,https://eol.org/pages/327563/data,,,,Vespertilionidae,Lasiurus,borealis,Lasiurus_borealis,,,1,Yes,,,1,Yes,,,1,Yes,,,1,Yes,Yes,,,,,,,,?,adult,bat group 5,Andrew,100,200,40.076
Emballonura alecto CUMV 22537,5.25,https://eol.org/pages/327832/data,,,,Emballonuridae,Emballonura,alecto,Emballonura_alecto,1,Yes,,,1,Yes,,,1,Yes,,,1,Yes,broken,,Yes,,,,,,,,?,adult,bat group 5,Andrew,100,200,40.076
Pteropus gouldi MCZ 28559,672,https://eol.org/pages/327256/data,,,,Pteropodidae,Pteropus,alecto,Pteropus_alecto,,,1,Yes,1,Yes,broken,,1,Yes,,,1,Yes,,,Yes,,1,Yes,Yes; I replaced Sternum_Manubrium_Clavicle_Curve,open,,,F,adult,both radius bones contain shot; the left is definitely broken; spine good; sternum may not be bilaterally symmetric,Andrew,,,
Hipposideros commersoni MCZ 45453,99.1,https://eol.org/pages/290193/data,,,,Hipposideridae,Hipposideros,commersoni,Hipposideros_commersoni,1,Yes,,,1,Yes,,,1,Yes,,,1,Yes,,,Yes,,1,Yes,,,,,?,adult,Distal radius is patchy; consult isosurface carefully when placing landmarks; also prioritise left wing for handwing landmarks; spine difficult; close to metal plate at base of scan,Andrew,,,
Eonycteris_robusta MCZ 33066,78.36,https://eol.org/pages/4438414/data,,,,Pteropodidae,Eonycteris,robusta,Eonycteris_robusta,1,Yes,,,1,Yes,,,1,Yes,,,1,Yes,,,Yes,,,,,problem,,,F,adult,spine good; surrounded by duct tape ,Andrew,,,
Pteropus_niger MCZ_4940,456.3,https://eol.org/pages/327282/data,,,,Pteropodidae,Pteropus,niger,Pteropus_niger,,,1,Yes,1,Yes,broken,,,,1,Yes,,,1,Yes,Yes,broken,broken?,,,open,,,F,adult,spine good; scan threshold may pose difficulties ,Andrew,,,
Pteropus samoensis MCZ_58230,,,,,,Pteropodidae,,,,broken,,to start,,broken,,broken,,,,to start,,,,to start,,,,,,,,,,,,spine good,Andrew,,,
Pteropus scapulatus MCZ_28549,443,https://eol.org/pages/327294/data,,,,Pteropodidae,Pteropus,scapulatus,Pteropus_scapulatus,,,1,Yes,,,1,Yes,,,1,Yes,,,1,Yes,Yes,shot,,,,,,,M,adult,spine good; no knee cap apparent,Andrew,,,
MCZ_14787,,,,,,,,,,,,,,,,,,,,,,,,,,,,,,,,,,,juvenile,juvenile; spine good; I am not processing this bat because I need epiphyses,Andrew,,,
Myonycteris angolensis MCZ_50332,68.31,https://eol.org/pages/323423/data,,,,Pteropodidae,Myonycteris,angolensis,Myonycteris_angolensis,,,1,Yes,,,1,Yes,,,1,Yes,,,1,Yes,Yes,,,,,,,,?,subadult,spine good; possible callus right wing digit 1 phalanx 2 located in combined folder with 14787 on NAS,Andrew,,,
Cynomops abrasus MCZ_28212,35.39,https://eol.org/pages/328862/data,,,,Molossidae,Cynomops,abrasus,Cynomops_abrasus,1,Yes,,,1,Yes,,,1,Yes,,,1,Yes,,,Yes,,1,Yes,,open; landmarked; left,,,F,adult,no head; spine good; ,Andrew,,,
Nyctimene aello MCZ 45767,84.3,https://eol.org/pages/1038725/data,,,,Pteropodidae,Nyctimene,aello,Nyctimene_aello,,,1,Yes,,,1,Yes,,,1,Yes,,,1,Yes,Yes,,,,,,,,M,adult,spine good,Andrew,,,
Epomophorus_wahlbergi MCZ 25179,91.6,https://eol.org/pages/327342/data,,,,Pteropodidae,Epomophorus,wahlbergi,Epomophorus_wahlbergi,,,1,Yes,,,1,Yes,,,1,Yes,,,1,Yes,Yes,,,,,open,,,F,subadult,subadult; spine good,Andrew,,,
Hipposideros ruber MCZ_19401,10.1,https://eol.org/pages/328266/data,,,,Hipposideridae,Hipposideros,ruber,Hipposideros_ruber,,,1,Yes,,,1,Yes,,,1,Yes,,,1,Yes,Yes,,1,Yes,,,,,M,adult,"spine good; however may be difficult to segment, and rib articulations are quite extensive ",Andrew,,,
Notopteris macdonaldi MCZ_32941,65.75,"Walker’s mammals of the world, VI",,,,Pteropodidae,Notopteris,macdonaldi,Melonycteris_melanops,,,1,Yes,,,1,Yes,1,Yes,,,1,Yes,,,Yes,,,,,open,,,F,adult,spine good; however- as seems to be typical of bats- the bone density of the vertebral column is not very high ,Andrew,,,
Pteropus scapulatus MCZ_49938,,,,,,Pteropodidae,Pteropus,scapulatus,Pteropus_scapulatus,,,,,,,,,,,,,,,,,,,,,,,,,,embryo,embryo; unfused skull plates,Andrew,,,
Brachyphylla cavernarum MCZ_50113,56,"Walker’s mammals of the world, VI",,,,Phyllostomidae,Brachyphylla,cavernarum,Brachyphylla_cavernarum,,,1,Yes,,,1,Yes,,,1,Yes,,,1,Yes,Yes,,,,,,,,M,adult,spine good; however- as seems to be typical of bats- the bone density of the vertebral column is not very high ,Andrew,,,
Pteropus_voeltzkowi MCZ_21476,,,,,,Pteropodidae,,,Pteropus_voeltzkowi,,,,,,,,,,,,,,,,,,,,,,,,,,,embryo; spine bad; spinal fusion incomplete,Andrew,,,
Tadarida brasiliensis MCZ_1203,12.5,"Walker’s mammals of the world, VI",,,,Molossidae,Tadarida,brasiliensis,Tadarida_brasiliensis,,,1,Yes,broken,,1,Yes,,,1,Yes,,,1,Yes,Yes,,1,Yes,to do,,,,?,adult,spine suspicious; head detached; uncertain if atlas is present; bone density threshold may be difficult to work with,Andrew,,,
Leptonycteris nivalis MCZ_48355,24,"Walker’s mammals of the world, VI",,,,Phyllostomidae,Leptonycteris,nivalis,Leptonycteris_yerbabuenae,,,1,Yes,,,1,Yes,,,1,Yes,,,1,Yes,Yes,,,,,,,,M,adult,spine suspicious; some lead shot clutters the caudal vertebrae,Andrew,,,
Syconycteris australis MCZ_28305,18.25,"Walker’s mammals of the world, VI",,,,Pteropodidae,Syconycteris,australis,Syconycteris_australis,,,1,Yes,broken,,1,Yes,1,Yes,broken,,1,Yes,,,Yes,,1,Yes,Yes,,,,M,adult,spine good,Andrew,,,
Chilonatalus micropus MCZ_16662,5.86,https://eol.org/pages/1038744/data,,,,Natalidae,Chilonatalus,micropus,Chilonatalus_micropus,1,Yes,,,1,Yes,broken,,broken,,1,Yes,,,1,Yes,Yes,,,,,open; landmarked; right,,,F,adult,"spine fused to ribs; strange; pregnant; very long legs, very long calcar hx file on andrew pc",Andrew,,,
MCZ_11276,,,,,,Hipposideridae,,,Hipposideros_speoris,,,,,,,,,,,,,,,,,,,,,,,,,,juvenile,"juvenile; unfused epiphyses; broken left wing, disarticulated sternum, spine appears well developed though; broken skull",Andrew,,,
MCZ_4934,,,,,,Rhinolophidae,,,Rhinolophus_hipposideros,,,,,,,,,,,,,,,,,,,,,,,,,,,not necessary; this bat has already been landmarked; spine good,Andrew,,,
Eumops absrasus MCZ_32895,23,"Walker’s mammals of the world, VI",,,,Molossidae,Eumops,abrasus,Eumops_auripendulus,1,Yes,broken ,,1,Yes,,,1,Yes,,,1,Yes,broken,,Yes,,1,in progress,,fused; broken; quality fixed,,,M,adult,spine good; threshold may be difficult to work with; numerous accessory sesamoids in a complex knee joint; ankle joint also complex and supported by a sesamoid,Andrew,,,
Harpiocephalus harpia MCZ_32973,19,"Walker’s mammals of the world, VI",,,,Vespertilionidae,Harpiocephalus,harpia,Harpiocephalus_harpia,1,Yes,,,1,Yes,,,1,Yes,,,1,Yes,,,Yes,,,,,,,,M,adult,spine bad; no head but atlas is present; there is a lot of clutter in the scan; I think the specific epithet should be harpia; unclear whether 2nd digit of wing possesses very short fourth phalanx ,Andrew,,,
Hypsignathus monstrosus CUMV_19701,420,"Walker’s mammals of the world, VI",,,,Pteropodidae,Hypsignathus,monstrosus,Hypsignathus_monstrosus,1,Yes,,,1,Yes,,,,,1,Yes,,,1,Yes,Yes,broken,,,,,,,M,adult,spine bad; numerous pieces of shot embedded across animal; skull broken; assembling handwing will be challenging; very narrow fused pelvis; male; sex used during mass estimate; prominent elbow cap; handwing difficult to landmark as it had many breaks; not yet backed up,Andrew,,,
check if desmodus MCZ spine is good,,,,,,,,,,,,,,,,,,,,,,,,,,,,,,,,,,,,,,,,
Hipposideros diadema CUMV_19113,42,"Walker’s mammals of the world, VI",,,,Hipposideridae,Hipposideros,diadema,Hipposideros_diadema,,,1,Yes,,,1,Yes,1,Yes,,,1,Yes,,,Yes,,,,,,,,M,adult,"spine good; however there is extensive fusion to ribs; prominent elbow caps; very distinctive flange on inside aspect of proximal tibia shaft, which is not captures by landmark scheme; skull is aesthetic and should perhaps be segmented for 3d printing",Andrew,,,
Scotophilus heathi CUMV_20893,34.6,https://eol.org/pages/1013564/data,,,,Vespertilionidae,Scotophilus,heathii,Scotophilus_heathii,,,1,Yes,,,1,Yes,,,1,Yes,,,1,Yes,Yes,,,,,open,,,F,adult,Pregnant with twins; slight rotational artefacts; spine good; foeti segmented,Andrew,,,
Molossus_molossus CUMV_19163,20,"Walker’s mammals of the world, VI",,,,Molossidae,Molossus,molossus,Molossus_molossus,,,1,Yes,,,1,Yes,,,1,Yes,,,1,Yes,Yes,,1,Yes,to do,,,,?,adult,"As in other molossids, the knee is braced by both the tibia and fibula; there is a long calcar; hx file is located in group 6 on the NAS; xiphoid pendant chipped",Andrew,,,
Peropteryx kappleri CUMV_19180,10,"Walker’s mammals of the world, VI",,,,Emballonuridae,Peropteryx,kappleri,Peropteryx_kappleri,1,Yes,,,1,Yes,,,1,Yes,,,1,Yes,,,Yes,,1,Yes,,,,,?,adult,Sesamoid bones at each articular surface of humerus; long calcar; hx file is located in group 6 on the NAS,Andrew,,,
Plecotus macrotis CUMV_19529,12.5,"Walker’s mammals of the world, VI",,,,Vespertilionidae,Plecotus,macrotis,Corynorhinus_townsendii,,,1,Yes,,,1,Yes,,,1,Yes,,,1,Yes,Yes,,,,,,,,?,adult,Scan quality low; Corynorhinus_townsendii substituted for ecological metadata; Plecotus macrotis is a deprecated species,Andrew,,,
Thyroptera discifera CUMV_20398,,,,,,Thyropteridae,Thyroptera,discifera,Thyroptera_discifera,,,1,,,,in progress,,,,to start,,,,to start,,to start,,,,,,,,,,Scan quality low; apologies; scan simply unworkable; 2 days expended; REDO,Andrew,,,
Peropteryx macrotis_CUMV_19179,5.6,"Walker’s mammals of the world, VI",,,,Emballonuridae,Peropteryx,macrotis,Peropteryx_macrotis,,,1,Yes,,,1,Yes,,,1,Yes,,,1,Yes,Yes,,,,,to do no avizo project on NAS,,,F,adult,Scan quality marginal; hx filed located in group 7 on NAS,Andrew,,,
Balantiopteryx plicata CUMV_20356,6.5,"Walker’s mammals of the world, VI",,,,Emballonuridae,Balantiopteryx,plicata,Balantiopteryx_plicata,,,1,Yes,,,1,Yes,1,Yes,broken,,1,Yes,,,Yes,,,,,,,,?,adult,Scan quality marginal;  hx filed located in group 7 on NAS,Andrew,,,
Balantiopteryx io CUMV_20877,,,,,,Emballonuridae,,,Balantiopteryx_io,in progress,,,,,,to start,,to start,,,,to start,,,,to start,,,,,,,,,,Scan quality almost unworkable; REDO,Andrew,,,
Natalus stramineus CUMV_15563,7,"Walker’s mammals of the world, VI",,,,Natalidae,Natalus,stramineus,Natalus_stramineus,,,1,Yes,,,1,Yes,,,1,Yes,,,1,Yes,Yes,,,,,,,,?,adult,Left first digit wing broken and rehealed; hx file located in group 4 on the NAS,Andrew,,,
Nycticeius humeralis CUMV_19155,9,"Walker’s mammals of the world, VI",,,,Vespertilionidae,Nycticeius,humeralis,Nycticeius_humeralis,,,1,Yes,broken,,1,Yes,,,1,Yes,,,1,Yes,Yes,,,,,,,,M,adult,"Scan quality marginal; left handwing broken, so both hands were used in landmarking",Andrew,,,
CU_19111,,,,,,Vespertilionidae,,,Philetor_brachypterus,,,,,,,,,,,,,,,,,,,,,,,,,,,I think there has been movement during the scan; the scan appears unworkable; REDO,Andrew,,,
Rhinolophus lepidus CUMV_15567,5.7,https://eol.org/pages/328780/data,,,,Rhinolophidae,Rhinolophus,lepidus,Rhinolophus_lepidus,1,Yes,broken,,1,Yes,,,,,1,Yes,broken,,1,Yes,Yes,,,,,open; landmarked; right,,,F,adult,Group 4 on the NAS,Andrew,,,
Scotophilus leucogaster CUMV_20851,20.2,https://eol.org/pages/310391/data,,,,Vespertilionidae,Scotophilus,leucogaster,Scotophilus_leucogaster,,,1,Yes,,,1,Yes,,,1,Yes,,,1,Yes,Yes,,,,,,,,?,adult,broken and rehealed first digit on left hand; hx file is in group 8 on the NAS,Andrew,,,
Mormoops megalophylla CUMV_20393,16,https://eol.org/pages/317232/data,,,,Mormoopidae,Mormoops,megalophylla,Mormoops_megalophylla,,,1,Yes,,,1,Yes,,,1,Yes,,,1,Yes,Yes,,,,,,,,?,adult,prominent calcar; first finger phalanx distorted; hx file is in group 8 on the NAS,Andrew,,,
Ptenochirus jagori CUMV_19118,81.5,"Walker’s mammals of the world, VI",,,,Pteropodidae,Ptenochirus,jagori,Ptenochirus_jagori,1,Yes,,,1,Yes,,,1,Yes,,,1,Yes,,,Yes,,,,,,,,M,subadult,possible healed break or cancer in second phalanx of third digit of left hand; some epiphyses in handwing are in process of fusion,Andrew,75,75,51.605985068501
Rousettus amplexicaudatus CUMV_19116,64.5,"Walker’s mammals of the world, VI",,,,Pteropodidae,Rousettus,amplexicaudatus,Rousettus_amplexicaudatus,,,1,Yes,,,1,Yes,,,1,Yes,,,1,Yes,Yes,,1,Yes,to do,open ligament fused; landmarked; right,to do,,M,subadult,epiphyses in process of fusion ,Andrew,75,80,59.1046428227147
Epomops franqueti CUMV_19740,195,"Walker’s mammals of the world, VI",,,,Pteropodidae,Epomops,franqueti,Epomops_franqueti,1,Yes,,,1,Yes,,,to start,,1,Yes,,,1,Yes,Yes,,,,,,,,?,adult,"very strange large laryngeal morphology appears to be visible. Phalanx 1 of digit 5 on left handwing is swollen at its distal end, suggesting a healed break Right zygomatic is broken; right kneecap is underdeveloped; sexual masses available; second finger right wing broken so I am substituting the left",Andrew,75,75,78.9100574248949
Megaloglossus woermanni CUMV_16052,13.025,"Walker’s mammals of the world, VI",,,,Pteropodidae,Megaloglossus,woermanni,Megaloglossus_woermanni,,,1,Yes,,,1,Yes,,,1,Yes,,,1,Yes,Yes,,,,,,,,M,adult,no kneecaps; poorly ossified mandible; sexed masses available,Andrew,65,85,52.9833104556932
Myotis grisescens CUMV_15505,10.5,https://eol.org/pages/327255/data,,,,Vespertilionidae,Myotis,grisescens,Myotis_grisescens,,,1,Yes,,,1,Yes,,,1,Yes,,,1,Yes,Yes,,1,Yes,,to do,,,F,adult,note clear evidence bat hibernates; elbow cap,Andrew,65,85,52.9833104556932
Rhinolophus trifoliatus CUMV_22539,14.8,https://eol.org/pages/327230/data,,,,Rhinolophidae,Rhinolophus,trifoliatus,Rhinolophus_trifoliatus,,,1,Yes,,,1,Yes,,,1,Yes,,,1,Yes,Yes,,,,,,,,?,adult,aspects of larynx visible in scan; possible healed break right handwing phalanx 1 finger 1,Andrew,60,80,51.9953415412428
Scotonycteris zenkeri CUMV_19407,22.75,"Walker’s mammals of the world, VI",,,,Pteropodidae,Scotonycteris,zenkeri,Scotonycteris_zenkeri,1,Yes,,,1,Yes,,,1,Yes,,,1,Yes,,,Yes,,,,,,,,M,subadult,,Andrew,60,80,51.9953415412428
Balionycteris maculata CUMV_22534,12,"Walker’s mammals of the world, VI",,,,Pteropodidae,Balionycteris,maculata,Balionycteris_maculata,,,1,Yes,,,1,Yes,,,1,Yes,,,1,Yes,Yes,,,,,,,,?,adult,hx file located on andrew pc looks female,Andrew,60,80,44.9139115951655
Myotis lucifugus CUMV_17094,7.6,https://eol.org/pages/327247/data,,,,Vespertilionidae,Myotis,lucifugus,Myotis_lucifugus,1,Yes,,,1,Yes,,,1,Yes,,,1,Yes,,,Yes,,,,,,,,?,adult,hx file located on andrew pc looks male,Andrew,60,80,44.9139115951655
CU_20942,,,,,,Rhinolophidae,,,Rhinolophus_philippinensis,,,,,,,,,,,,,,,,,,,,,,,,,,,bat too badly broken ,,,,
Myotis leibii CUMV_17154,5.22,https://eol.org/pages/327547/data,,,,Vespertilionidae,Myotis,leibii,Myotis_leibii,in progress,,1,Yes,,,1,Yes,1,Yes,,,1,Yes,,,Yes,,to do,,,,,,?,subadult,phalangeal epiphyses are incompletely fused; bullets have complicated segmentation,Andrew,65,75,54.8438689623758
Myotis horsfieldii CU_19112,6,https://eol.org/pages/327589/data,,,,Vespertilionidae,Myotis,horsfieldii,Myotis_horsfieldii,1,Yes,,,1,Yes,,,1,Yes,,,1,Yes,,,Yes,,,,,,,,M,adult,hx file located on andrew pc,Andrew,65,75,54.8438689623758
Myotis keenii CUMV_21150,6.3,https://eol.org/pages/327248/data,,,,Vespertilionidae,Myotis,keenii,Myotis_keenii,,,1,Yes,,,1,Yes,,,1,Yes,,,1,Yes,Yes,,,,,,,,?,adult,hx file located on andrew pc looks male,Andrew,65,75,54.8438689623758
Promops centralis CUMV_20836,15.8,"Walker’s mammals of the world, VI",,,,Molossidae,Promops,centralis,Promops_centralis,,,1,Yes,,,1,Yes,,,1,Yes,,,1,Yes,Yes,,,,,,,,?,subadult,digital epiphyses in process of fusion; elbow has multiple sesamoids and a cap; mass is from a male,Andrew,100,200,40.076
Nycteris javanica CUMV_22546,17.7,https://eol.org/pages/1038755/data,,,withered third phalanx finger III and third phalanx finger IV,Nycteridae,Nycteris,javanica,Nycteris_javanica,,,1,Yes,,,1,Yes,,,1,Yes,,,1,Yes,Yes,,,,,,,,?,adult,beautiful sternum; unusual skull; elbow caps,Andrew,85,200,20.023868
Nanonycteris veldkampi YPM_MAM_014567,26,"Walker’s mammals of the world, VI",,,,Pteropodidae,Nanonycteris,veldkampi,Nanonycteris_veldkampii,1,Yes,broken,,1,Yes,,,,,1,Yes,1,Yes,,,Yes,,,,,,,,?,adult,handwing reconstructed from broken fragments,Andrew,85,200,45.033
Megaerops ecaudatus MVZ_173803,29,"Walker’s mammals of the world, VI",,,potential remodelling of bone of finger IV phalanx 2,Pteropodidae,Megaerops,ecaudatus,Megaerops_ecaudatus,,,1,Yes,,,1,Yes,,,1,Yes,,,1,Yes,Yes,,,,,,,,M,adult,,Andrew,,,51.3463308162829
Paranyctimene raptor YPM_005629,22.5,"Walker’s mammals of the world, VI",,,,Pteropodidae,Paranyctimene,raptor,Paranyctimene_raptor,1,Yes,,,1,Yes,,,,,1,Yes,,,1,Yes,Yes,,1,Yes,Yes; I replaced the clavicle curve,open,,,F,adult,"pregnant; prominent elbow caps, excellent sternum and spinal column",Andrew,,,39.1921
Pteropus vampyrus YPM_006026,,,,,,Pteropodidae,,,,,,,,,,,,,,,,,,,,,,,,,,,,,,DO NOT SEGMENT; THIS IS CLEARLY NOT PTEROPUS ,Andrew,,,49.27371
CU_20440,,,,,,Rhinopomatidae,,,Rhinopoma_microphyllum,,,,,,,,,,,,,,,,,,,,,,,,,,,no skeleton ,Andrew,,,
Chaerephon pumilus YPM 005519,11.3,https://eol.org/pages/328859/data,,,,Molossidae,Chaerephon,pumilus,Chaerephon_pumilus,,,1,Yes,,,1,Yes,,,1,Yes,,,1,Yes,Yes,,,,,,,,?,adult,,Andrew,,,45.1902328830628
Myopterus daubentonii albatus AMNH M49228,18.45,https://eol.org/pages/328894/data,,,,Molossidae,Myopterus,daubentonii,Myopterus_daubentonii,broken,,1,Yes,,,1,Yes,,,1,Yes,,,1,Yes,Yes,,,,,to do,,,F,adult,left handwing broken; flattened finger bones with oblate sockets,Andrew,,,29.9567
Molossops temminckii AMNH M249198,5.9,https://eol.org/pages/328868/data,,,withered first phalanx first finger left handwing; malformed claw thumb right handwing; distorted fourth finger right handwing,Molossidae,Molossops,temminckii,Molossops_temminckii,,,1,Yes,,,1,Yes,,,1,Yes,,,1,Yes,Yes,,,,,to do,,,F,adult,,,,,19.61595
,,,,,,,,,,,,,,,,,,,,,,,,,,,,,,,,,,,,,,,,
CU_19114?,,,,,,,,,,,,,,,,,,,,,,,,,,,,,,,,,,,,,,,,
Aethalops alecto UMMZ 174565,19.3,"Walker’s mammals of the world, VI",,,,Pteropodidae,Aethalops,alecto,Aethalops_alecto,,,1,Yes,,,1,Yes,,,1,Yes,,,1,Yes,Yes,,1,Yes,,open; in progress; left,,,F,adult,Pregnant,Andrew,,,
Haplonycteris fischeri UMMZ 157351,18.5,"Walker’s mammals of the world, VI",,,,Pteropodidae,Haplonycteris,fischeri,Haplonycteris_fischeri,,,1,Yes,,,1,Yes,,,1,Yes,,,1,Yes,Yes,,,,,,,,F,subadult,phalangeal epiphyses have only just fused,Andrew,,,
Pteropus pumilus UMMZ 156775,194.2,https://eol.org/pages/327290/data,,,,Pteropodidae,Pteropus,pumilus,Pteropus_pumilus,,,1,Yes,,,1,Yes,,,1,Yes,,,1,Yes,Yes,,,,,open; ligament,,,M,subadult,pahalngeal epiphyses in process of fusion,Andrew,,,
Harpyionycteris whiteheadi UMMZ 161303,112.5,"Walker’s mammals of the world, VI",,,,Pteropodidae,Harpyionycteris,whiteheadi,Harpyionycteris_whiteheadi,,,1,Yes,,,1,Yes,,,1,Yes,,,1,Yes,Yes,,,,,,,,F,adult,tibia is an outlier in PC space?,,,,
Penthetor lucasi UMMZ 174604,42.5,"Walker’s mammals of the world, VI",,,,Pteropodidae,Penthetor,lucasi,Penthetor_lucasi,,,1,Yes,,,1,Yes,,,1,Yes,,,1,Yes,Yes,,,,,,,,F,subadult,subadult,Andrew,,,40.92
07_Myzopoda-aurita_mnhn-1985-654,9.1,https://eol.org/pages/1038742/data,,,,Myzopodidae,Myzopoda,aurita,Myzopoda_aurita,,,1,Yes,,,1,Yes,1,Yes,,,,,1,Yes,Yes,,,,,,,,M,subadult,subadult; sucker-footeds; fibula extends full length of tibia but does not integrate with knee,Andrew,,,24.0919
